Title,Link,Image
RETURN TO AFGHANISTAN? A Study of Afghans Living in ...,https://areu.org.af/wp-content/uploads/2015/12/527E-Afghans-Living-in-Mashad-CS-web.pdf/,
External Sector Development,https://dab.gov.af/sites/default/files/2020-10/Economic%20Bulletin%20for%20the%202nd%20Quarter%20of%20FY%202020.pdf,x-raw-image:///9376cbfe50c0c611d37fe96d5a561c0e6043b2503aa5f665c4a8a25edebdd65a
"Bamyan, Afghanistan - Culture & Adventure in Afghanistan",https://tour.af/afghanistan-destinations/bamyan-afghanistan,https://tour.af/storage/destinations/01JFKTR9P75TYHC642XSQZZVEH.webp
AFGHANISTAN NATIONAL DEVELOPMENT STRATEGY ...,https://mof.gov.af/sites/default/files/2021-05/ANDS.pdf,
Income-Tax-Manual.pdf,https://www.moore.af/MediaLibsAndFiles/media/afghanistan.moore-global.com/Documents/Income-Tax-Manual.pdf,
English for Afghanistan Student's Book,https://moe.gov.af/sites/default/files/2020-03/G11-Ps-English.pdf,x-raw-image:///4f724c2620a44044e07ab0ec2f076b6ca4fe32925e0a87bfb6d0f2b3dde5ddba
ADULT EDUCATION,https://anafae.af/public/report-rep/1686119425.pdf,x-raw-image:///c07f64a377bc281e18ee300953b2b0fceebc1c3c7ed5a34e40fae9d06bb8c5ea
English for Afghanistan Student's Book,https://moe.gov.af/sites/default/files/2020-03/G10-Ps-English.pdf,x-raw-image:///a27d032844a04c7f78177600fcb779aa7b62ca0531c109d3c7c306d5660da1fa
Prospectus Layout-2.cdr,https://mohe.gov.af/sites/default/files/2021-06/%D8%B6%D9%85%D8%A7%DB%8C%D9%85%20%D8%A8%D9%88%D8%B1%D8%B3%DB%8C%D9%87%20%D9%BE%D8%A7%DA%A9%D8%B3%D8%AA%D8%A7%D9%86%20.pdf,x-raw-image:///efdcda0bacbe5f4a2c08ec71bf0fc03d4fdfe720a99c9da985a11fdca2f33bc7
Young couples practice environmental protection via carbon neutral ...,https://heartofasia.af/young-couples-practice-environmental-protection-via-carbon-neutral-weddings/,https://heartofasia.af/wp-content/uploads/2023/10/87c3efb9-633c-47b0-b8f1-a6406c9b28cd.jpeg
